candidate_id,old_state,new_state,old_reasons,new_reasons,new_blockers,start,end,historical_score_reused,payoff_recorded,payoff_confirmed,decision,changed,publish_ready
MOMENT_00000_0000,rejected,rejected,"[""ineligible_by_quality_gate""]","[""ineligible_by_quality_gate""]",[],0.0,1.46,0.737,null,null,excluded,false,false
MOMENT_00000_0001,rejected,rejected,"[""below_editorial_quality_floor"", ""ineligible_by_quality_gate"", ""question_without_complete_answer""]","[""below_editorial_quality_floor"", ""clean_opening:false"", ""ineligible_by_quality_gate"", ""question_without_complete_answer""]","[""question_without_complete_answer""]",39.75,164.89,0.39,"{""end"": 114.79, ""segment_ids"": [""SEG_00052""], ""start"": 113.93, ""text"": ""Minha avó é da Beata.""}",null,excluded,true,false
MOMENT_00000_0002,rejected,rejected,"[""below_editorial_quality_floor"", ""ineligible_by_quality_gate"", ""question_without_complete_answer""]","[""below_editorial_quality_floor"", ""clean_opening:false"", ""ineligible_by_quality_gate"", ""question_without_complete_answer""]","[""question_without_complete_answer""]",164.93,168.07,0.252,null,null,excluded,true,false
MOMENT_00000_0003,rejected,rejected,"[""ineligible_by_quality_gate""]","[""ineligible_by_quality_gate""]",[],168.31,179.11,0.718,null,null,excluded,false,false
MOMENT_00001_0000,rejected,rejected,"[""below_editorial_quality_floor"", ""ineligible_by_quality_gate"", ""question_without_complete_answer"", ""story_payoff_not_grounded""]","[""below_editorial_quality_floor"", ""ineligible_by_quality_gate"", ""narrative_integrity:incomplete"", ""question_without_complete_answer"", ""story_payoff_not_grounded""]","[""question_without_complete_answer"", ""story_payoff_not_grounded""]",179.19,356.22,0.462,null,null,excluded,true,false
MOMENT_00002_0000,rejected,rejected,"[""below_editorial_quality_floor"", ""ineligible_by_quality_gate"", ""story_payoff_not_grounded""]","[""below_editorial_quality_floor"", ""ineligible_by_quality_gate"", ""narrative_integrity:incomplete"", ""story_payoff_not_grounded""]","[""story_payoff_not_grounded""]",356.32,364.96000000000004,0.495,null,null,excluded,true,false
MOMENT_00002_0001,rejected,rejected,"[""below_editorial_quality_floor"", ""ineligible_by_quality_gate"", ""story_payoff_not_grounded""]","[""below_editorial_quality_floor"", ""ineligible_by_quality_gate"", ""narrative_integrity:incomplete"", ""story_payoff_not_grounded""]","[""story_payoff_not_grounded""]",364.98,383.82,0.478,null,null,excluded,true,false
MOMENT_00002_0002,rejected,rejected,"[""below_editorial_quality_floor"", ""ineligible_by_quality_gate"", ""question_without_complete_answer""]","[""below_editorial_quality_floor"", ""clean_ending:false"", ""ineligible_by_quality_gate"", ""question_without_complete_answer""]","[""question_without_complete_answer""]",383.98,413.72,0.238,null,null,excluded,true,false
MOMENT_00002_0003,rejected,rejected,"[""below_editorial_quality_floor"", ""ineligible_by_quality_gate"", ""question_without_complete_answer""]","[""below_editorial_quality_floor"", ""ineligible_by_quality_gate"", ""question_without_complete_answer""]","[""question_without_complete_answer""]",410.9,438.88,0.496,"{""end"": 432.36, ""segment_ids"": [""SEG_00201""], ""start"": 430.78, ""text"": ""que eu não sei explicar, eu já tive sim, tu afirma.""}",null,excluded,false,false
MOMENT_00002_0004,rejected,rejected,"[""below_editorial_quality_floor"", ""ineligible_by_quality_gate"", ""question_without_complete_answer""]","[""below_editorial_quality_floor"", ""ineligible_by_quality_gate"", ""question_without_complete_answer""]","[""question_without_complete_answer""]",433.7,457.06,0.488,null,null,excluded,false,false
MOMENT_00002_0005,rejected,rejected,"[""below_editorial_quality_floor"", ""ineligible_by_quality_gate"", ""question_without_complete_answer""]","[""below_editorial_quality_floor"", ""ineligible_by_quality_gate"", ""question_without_complete_answer""]","[""question_without_complete_answer""]",457.06,477.74,0.451,null,null,excluded,false,false
MOMENT_00002_0006,rejected,rejected,"[""below_editorial_quality_floor"", ""ineligible_by_quality_gate"", ""question_without_complete_answer""]","[""below_editorial_quality_floor"", ""clean_opening:false"", ""ineligible_by_quality_gate"", ""question_without_complete_answer""]","[""question_without_complete_answer""]",477.78,533.88,0.454,"{""end"": 510.14, ""segment_ids"": [""SEG_00241""], ""start"": 509.22, ""text"": ""É tanta mentira.""}",null,excluded,true,false
MOMENT_00003_0001,rejected,rejected,"[""below_editorial_quality_floor"", ""ineligible_by_quality_gate""]","[""below_editorial_quality_floor"", ""clean_ending:false"", ""ineligible_by_quality_gate""]",[],583.46,589.72,0.36,null,null,excluded,true,false
MOMENT_00003_0002,rejected,rejected,"[""below_editorial_quality_floor"", ""ineligible_by_quality_gate"", ""missing_story_development"", ""missing_story_setup"", ""question_without_complete_answer"", ""story_payoff_not_grounded""]","[""below_editorial_quality_floor"", ""ineligible_by_quality_gate"", ""missing_story_development"", ""missing_story_setup"", ""narrative_integrity:incomplete"", ""question_without_complete_answer"", ""story_payoff_not_grounded""]","[""missing_story_development"", ""missing_story_setup"", ""question_without_complete_answer"", ""story_payoff_not_grounded""]",686.96,712.48,0.485,null,null,excluded,true,false
MOMENT_00004_0000,rejected,rejected,"[""ineligible_by_quality_gate"", ""question_without_complete_answer""]","[""ineligible_by_quality_gate"", ""question_without_complete_answer""]","[""question_without_complete_answer""]",712.56,759.9,0.606,null,null,excluded,false,false
MOMENT_00004_0001,rejected,rejected,"[""ineligible_by_quality_gate"", ""question_without_complete_answer"", ""story_payoff_not_grounded""]","[""ineligible_by_quality_gate"", ""narrative_integrity:incomplete"", ""question_without_complete_answer"", ""story_payoff_not_grounded""]","[""question_without_complete_answer"", ""story_payoff_not_grounded""]",759.9,790.8199999999999,0.543,null,null,excluded,true,false
MOMENT_00004_0002,rejected,rejected,"[""ineligible_by_quality_gate""]","[""ineligible_by_quality_gate""]",[],789.7,815.73,0.601,null,null,excluded,false,false
MOMENT_00004_0003,rejected,rejected,"[""ineligible_by_quality_gate"", ""question_without_complete_answer""]","[""ineligible_by_quality_gate"", ""question_without_complete_answer""]","[""question_without_complete_answer""]",815.89,859.63,0.556,null,null,excluded,false,false
MOMENT_00004_0004,rejected,rejected,"[""ineligible_by_quality_gate"", ""question_without_complete_answer"", ""story_payoff_not_grounded""]","[""ineligible_by_quality_gate"", ""narrative_integrity:incomplete"", ""question_without_complete_answer"", ""story_payoff_not_grounded""]","[""question_without_complete_answer"", ""story_payoff_not_grounded""]",859.71,891.13,0.542,null,null,excluded,true,false
MOMENT_00006_0000,rejected,rejected,"[""ineligible_by_quality_gate""]","[""ineligible_by_quality_gate""]",[],1068.6,1073.5,0.663,null,null,excluded,false,false
MOMENT_00006_0001,rejected,rejected,"[""below_editorial_quality_floor"", ""ineligible_by_quality_gate"", ""missing_story_development"", ""question_without_complete_answer"", ""story_payoff_not_grounded""]","[""below_editorial_quality_floor"", ""ineligible_by_quality_gate"", ""missing_story_development"", ""narrative_integrity:incomplete"", ""question_without_complete_answer"", ""story_payoff_not_grounded""]","[""missing_story_development"", ""question_without_complete_answer"", ""story_payoff_not_grounded""]",1099.47,1114.25,0.405,null,null,excluded,true,false
MOMENT_00006_0002,rejected,rejected,"[""below_editorial_quality_floor"", ""ineligible_by_quality_gate"", ""missing_story_development"", ""missing_story_setup"", ""question_without_complete_answer"", ""story_payoff_not_grounded""]","[""below_editorial_quality_floor"", ""ineligible_by_quality_gate"", ""missing_story_development"", ""missing_story_setup"", ""narrative_integrity:incomplete"", ""question_without_complete_answer"", ""story_payoff_not_grounded""]","[""missing_story_development"", ""missing_story_setup"", ""question_without_complete_answer"", ""story_payoff_not_grounded""]",1114.29,1127.35,0.455,null,null,excluded,true,false
MOMENT_00006_0003,rejected,rejected,"[""ineligible_by_quality_gate""]","[""ineligible_by_quality_gate""]",[],1127.47,1135.31,0.659,null,null,excluded,false,false
MOMENT_00006_0004,rejected,rejected,"[""ineligible_by_quality_gate"", ""question_without_complete_answer""]","[""ineligible_by_quality_gate"", ""question_without_complete_answer""]","[""question_without_complete_answer""]",1145.71,1191.6,0.616,"{""end"": 1183.58, ""segment_ids"": [""SEG_00588""], ""start"": 1182.74, ""text"": ""Eu gosto pra caralho de brega.""}",null,excluded,false,false
MOMENT_00006_0005,selected,selected,"[""selected_in_historical_export""]","[""passed_recorded_selection_gates""]",[],1191.66,1251.44,0.788,null,null,chosen,true,false
MOMENT_00007_0000,rejected,rejected,"[""below_editorial_quality_floor"", ""ineligible_by_quality_gate"", ""question_without_complete_answer""]","[""below_editorial_quality_floor"", ""ineligible_by_quality_gate"", ""question_without_complete_answer""]","[""question_without_complete_answer""]",1261.12,1279.16,0.453,null,null,excluded,false,false
MOMENT_00007_0001,rejected,rejected,"[""below_editorial_quality_floor"", ""ineligible_by_quality_gate"", ""question_without_complete_answer""]","[""below_editorial_quality_floor"", ""ineligible_by_quality_gate"", ""question_without_complete_answer""]","[""question_without_complete_answer""]",1290.44,1371.76,0.357,null,null,excluded,false,false
MOMENT_00007_0002,rejected,rejected,"[""ineligible_by_quality_gate"", ""question_without_complete_answer""]","[""ineligible_by_quality_gate"", ""question_without_complete_answer""]","[""question_without_complete_answer""]",1371.42,1424.38,0.563,null,null,excluded,false,false
MOMENT_00008_0000,rejected,rejected,"[""ineligible_by_quality_gate""]","[""clean_opening:false"", ""ineligible_by_quality_gate""]",[],1422.92,1429.22,0.508,null,null,excluded,true,false
MOMENT_00008_0001,rejected,rejected,"[""below_editorial_quality_floor"", ""ineligible_by_quality_gate"", ""question_without_complete_answer""]","[""below_editorial_quality_floor"", ""ineligible_by_quality_gate"", ""question_without_complete_answer""]","[""question_without_complete_answer""]",1429.26,1437.76,0.442,null,null,excluded,false,false
MOMENT_00008_0002,rejected,rejected,"[""below_editorial_quality_floor"", ""ineligible_by_quality_gate"", ""question_without_complete_answer"", ""story_payoff_not_grounded""]","[""below_editorial_quality_floor"", ""ineligible_by_quality_gate"", ""narrative_integrity:incomplete"", ""question_without_complete_answer"", ""story_payoff_not_grounded""]","[""question_without_complete_answer"", ""story_payoff_not_grounded""]",1438.28,1452.9,0.408,null,null,excluded,true,false
MOMENT_00008_0003,rejected,rejected,"[""below_editorial_quality_floor"", ""ineligible_by_quality_gate"", ""question_without_complete_answer"", ""story_payoff_not_grounded""]","[""below_editorial_quality_floor"", ""clean_ending:false"", ""clean_opening:false"", ""ineligible_by_quality_gate"", ""narrative_integrity:incomplete"", ""question_without_complete_answer"", ""story_payoff_not_grounded""]","[""question_without_complete_answer"", ""story_payoff_not_grounded""]",1453.04,1487.54,0.112,null,null,excluded,true,false
MOMENT_00008_0004,rejected,rejected,"[""below_editorial_quality_floor"", ""ineligible_by_quality_gate"", ""question_without_complete_answer"", ""story_payoff_not_grounded""]","[""below_editorial_quality_floor"", ""ineligible_by_quality_gate"", ""narrative_integrity:incomplete"", ""question_without_complete_answer"", ""story_payoff_not_grounded""]","[""question_without_complete_answer"", ""story_payoff_not_grounded""]",1484.9,1502.64,0.388,null,null,excluded,true,false
MOMENT_00008_0005,rejected,rejected,"[""below_editorial_quality_floor"", ""ineligible_by_quality_gate"", ""question_without_complete_answer"", ""story_payoff_not_grounded""]","[""below_editorial_quality_floor"", ""ineligible_by_quality_gate"", ""narrative_integrity:incomplete"", ""question_without_complete_answer"", ""story_payoff_not_grounded""]","[""question_without_complete_answer"", ""story_payoff_not_grounded""]",1502.88,1520.24,0.444,null,null,excluded,true,false
MOMENT_00008_0006,rejected,rejected,"[""below_editorial_quality_floor"", ""ineligible_by_quality_gate"", ""question_without_complete_answer""]","[""below_editorial_quality_floor"", ""clean_opening:false"", ""ineligible_by_quality_gate"", ""question_without_complete_answer""]","[""question_without_complete_answer""]",1520.24,1566.22,0.411,"{""end"": 1528.98, ""segment_ids"": [""SEG_00774""], ""start"": 1523.92, ""text"": ""rolou Record foi quando eu fui fazer uma matéria sobre o Sarney, em São Luís do Maranhão.""}",null,excluded,true,false
MOMENT_00008_0007,rejected,rejected,"[""ineligible_by_quality_gate""]","[""clean_opening:false"", ""ineligible_by_quality_gate""]",[],1566.42,1586.38,0.539,null,null,excluded,true,false
MOMENT_00009_0000,rejected,rejected,"[""below_editorial_quality_floor"", ""ineligible_by_quality_gate"", ""question_without_complete_answer"", ""story_payoff_not_grounded""]","[""below_editorial_quality_floor"", ""ineligible_by_quality_gate"", ""narrative_integrity:incomplete"", ""question_without_complete_answer"", ""story_payoff_not_grounded""]","[""question_without_complete_answer"", ""story_payoff_not_grounded""]",1606.38,1633.04,0.452,null,null,excluded,true,false
MOMENT_00009_0001,rejected,rejected,"[""ineligible_by_quality_gate"", ""question_without_complete_answer""]","[""ineligible_by_quality_gate"", ""question_without_complete_answer""]","[""question_without_complete_answer""]",1632.8600000000001,1676.72,0.53,null,null,excluded,false,false
MOMENT_00009_0002,rejected,rejected,"[""below_editorial_quality_floor"", ""ineligible_by_quality_gate"", ""question_without_complete_answer""]","[""below_editorial_quality_floor"", ""clean_opening:false"", ""ineligible_by_quality_gate"", ""question_without_complete_answer""]","[""question_without_complete_answer""]",1675.2,1720.56,0.396,null,null,excluded,true,false
MOMENT_00009_0003,rejected,rejected,"[""ineligible_by_quality_gate"", ""question_without_complete_answer""]","[""ineligible_by_quality_gate"", ""question_without_complete_answer""]","[""question_without_complete_answer""]",1720.62,1766.14,0.544,null,null,excluded,false,false
MOMENT_00009_0004,rejected,rejected,"[""below_editorial_quality_floor"", ""ineligible_by_quality_gate"", ""question_without_complete_answer""]","[""below_editorial_quality_floor"", ""clean_ending:false"", ""ineligible_by_quality_gate"", ""question_without_complete_answer""]","[""question_without_complete_answer""]",1766.2,1786.12,0.188,"{""end"": 1777.7, ""segment_ids"": [""SEG_00908""], ""start"": 1776.52, ""text"": ""É muito mais coerente os bagulhos.""}",null,excluded,true,false
MOMENT_00010_0000,rejected,rejected,"[""ineligible_by_quality_gate""]","[""ineligible_by_quality_gate""]",[],1786.12,1790.34,0.701,null,null,excluded,false,false
MOMENT_00010_0001,rejected,rejected,"[""ineligible_by_quality_gate""]","[""ineligible_by_quality_gate""]",[],1791.58,1803.74,0.743,null,null,excluded,false,false
MOMENT_00010_0002,rejected,rejected,"[""ineligible_by_quality_gate""]","[""ineligible_by_quality_gate""]",[],1803.84,1814.22,0.746,null,null,excluded,false,false
MOMENT_00010_0003,rejected,rejected,"[""below_editorial_quality_floor"", ""ineligible_by_quality_gate""]","[""below_editorial_quality_floor"", ""clean_ending:false"", ""ineligible_by_quality_gate""]",[],1814.46,1819.8,0.356,null,null,excluded,true,false
MOMENT_FALLBACK_00005_0000_0000,rejected,rejected,"[""below_editorial_quality_floor"", ""ineligible_by_quality_gate"", ""question_without_complete_answer""]","[""below_editorial_quality_floor"", ""ineligible_by_quality_gate"", ""question_without_complete_answer""]","[""question_without_complete_answer""]",942.17,945.0699999999999,0.158,null,null,excluded,false,false
MOMENT_FALLBACK_00005_0000_0001,rejected,rejected,"[""below_editorial_quality_floor"", ""ineligible_by_quality_gate"", ""question_without_complete_answer""]","[""below_editorial_quality_floor"", ""clean_ending:false"", ""ineligible_by_quality_gate"", ""question_without_complete_answer""]","[""question_without_complete_answer""]",947.35,948.25,0.0,null,null,excluded,true,false
MOMENT_FALLBACK_00005_0000_0003,rejected,rejected,"[""ineligible_by_quality_gate""]","[""ineligible_by_quality_gate""]",[],950.49,953.67,0.52,null,null,excluded,false,false
MOMENT_FALLBACK_00005_0000_0004,rejected,rejected,"[""ineligible_by_quality_gate""]","[""ineligible_by_quality_gate""]",[],953.83,956.4300000000001,0.52,null,null,excluded,false,false
MOMENT_FALLBACK_00005_0000_0005,rejected,rejected,"[""below_editorial_quality_floor"", ""ineligible_by_quality_gate"", ""question_without_complete_answer""]","[""below_editorial_quality_floor"", ""ineligible_by_quality_gate"", ""question_without_complete_answer""]","[""question_without_complete_answer""]",966.88,969.18,0.271,null,null,excluded,false,false
MOMENT_PRESERVED_00005_0000,rejected,rejected,"[""ineligible_by_quality_gate""]","[""ineligible_by_quality_gate""]",[],905.25,940.69,0.854,null,null,excluded,false,false
MOMENT_PRESERVED_00005_0001,rejected,rejected,"[""ineligible_by_quality_gate"", ""missing_story_development"", ""question_without_complete_answer"", ""story_payoff_not_grounded""]","[""ineligible_by_quality_gate"", ""missing_story_development"", ""narrative_integrity:incomplete"", ""question_without_complete_answer"", ""story_payoff_not_grounded""]","[""missing_story_development"", ""question_without_complete_answer"", ""story_payoff_not_grounded""]",995.76,1053.4,0.545,null,null,excluded,true,false
